{
  "model": "Maltehb/danish-bert-botxo",
  "accuracy": 0.9990867579908675,
  "f1": 0.9990868390018627,
  "training_time": 381.2239375114441,
  "class_report": {
    "alarm": {
      "precision": 1.0,
      "recall": 1.0,
      "f1-score": 1.0,
      "support": 208.0
    },
    "nyheder": {
      "precision": 1.0,
      "recall": 1.0,
      "f1-score": 1.0,
      "support": 209.0
    },
    "out_of_scope": {
      "precision": 1.0,
      "recall": 1.0,
      "f1-score": 1.0,
      "support": 53.0
    },
    "p\u00e5mindelse": {
      "precision": 1.0,
      "recall": 0.995475113122172,
      "f1-score": 0.9977324263038548,
      "support": 221.0
    },
    "sp\u00f8rgsm\u00e5l": {
      "precision": 1.0,
      "recall": 1.0,
      "f1-score": 1.0,
      "support": 200.0
    },
    "vejrudsigten": {
      "precision": 0.9951219512195122,
      "recall": 1.0,
      "f1-score": 0.9975550122249389,
      "support": 204.0
    },
    "accuracy": 0.9990867579908675,
    "macro avg": {
      "precision": 0.9991869918699187,
      "recall": 0.9992458521870287,
      "f1-score": 0.9992145730881323,
      "support": 1095.0
    },
    "weighted avg": {
      "precision": 0.9990912128299365,
      "recall": 0.9990867579908675,
      "f1-score": 0.9990868390018627,
      "support": 1095.0
    }
  }
}